,Block,Tree,Source,Name,ht16,Bud.Swollen,Bud.Elongating,Leaves.emerging,Ecoregion,Lat,Long,Elev,eFFP,MSP,Aspect,Slope,DD.5.sp
1,1,1,AK,AK3,186,21,32,42,WIVA,44.82509,-123.11264,63.11733514,311,170,-1.743717337,0.202737401,547
2,1,3,AK,AK3,318,18,31,39,WIVA,44.82509,-123.11264,63.11733514,311,170,-1.743717337,0.202737401,547
3,1,2,AK,AK6,248,14,22,32,WIVA,44.82509,-123.11264,63.11733514,311,170,-1.743717337,0.202737401,547
4,1,1,AK,AK9,153,8,46,25,WIVA,44.82509,-123.11264,63.11733514,311,170,-1.743717337,0.202737401,547
5,1,2,AK,AK9,151,38,39,40,WIVA,44.82509,-123.11264,63.11733514,311,170,-1.743717337,0.202737401,547
6,1,3,AK,AK9,53,25,21,35,WIVA,44.82509,-123.11264,63.11733514,311,170,-1.743717337,0.202737401,547
7,1,4,AK,AK9,123,1,45,35,WIVA,44.82509,-123.11264,63.11733514,311,170,-1.743717337,0.202737401,547
8,1,5,AK,AK9,107,31,30,31,WIVA,44.82509,-123.11264,63.11733514,311,170,-1.743717337,0.202737401,547
9,1,3,BA,BA2,211,25,24,58,CORA,43.01656,-124.41927,44.78673079,331,213,-1.534029337,0.115197517,491
10,1,1,BA,BA2,146,10,23,37,CORA,43.01656,-124.41927,44.78673079,331,213,-1.534029337,0.115197517,491
11,1,5,BA,BA3,172,17,22,42,CORA,43.01245,-124.41483,48.72416813,331,215,-2.455516856,0.057813917,496
12,1,1,BA,BA3,230,16,22,33,CORA,43.01245,-124.41483,48.72416813,331,215,-2.455516856,0.057813917,496
13,1,2,BA,BA3,182,14,41,31,CORA,43.01245,-124.41483,48.72416813,331,215,-2.455516856,0.057813917,496
14,1,3,BA,BA3,119,17,25,35,CORA,43.01245,-124.41483,48.72416813,331,215,-2.455516856,0.057813917,496
15,1,4,BA,BA3,160,32,36,49,CORA,43.01245,-124.41483,48.72416813,331,215,-2.455516856,0.057813917,496
16,1,2,BA,BA5,237,14,37,50,CORA,43.02481,-124.41467,41.10325267,331,210,-2.180308608,0.042761304,489
17,1,1,BA,BA5,143,27,25,41,CORA,43.02481,-124.41467,41.10325267,331,210,-2.180308608,0.042761304,489
18,1,3,BA,BA5,94,26,31,30,CORA,43.02481,-124.41467,41.10325267,331,210,-2.180308608,0.042761304,489
19,1,5,BC,BC3,162,12,32,41,PULO,49.19098333,-124.0031,126.5258218,308,198,0.352846759,0.088854592,390
20,1,1,BC,BC3,241,22,19,40,PULO,49.19098333,-124.0031,126.5258218,308,198,0.352846759,0.088854592,390
21,1,3,BC,BC3,159,39,39,43,PULO,49.19098333,-124.0031,126.5258218,308,198,0.352846759,0.088854592,390
22,1,2,BC,BC3,215,21,38,37,PULO,49.19098333,-124.0031,126.5258218,308,198,0.352846759,0.088854592,390
23,1,4,BC,BC3,167,20,23,30,PULO,49.19098333,-124.0031,126.5258218,308,198,0.352846759,0.088854592,390
24,1,5,BC,BC6,247,16,46,28,PULO,49.18963333,-124.0023833,116.3789726,308,198,-1.494374222,0.107822843,386
25,1,4,BC,BC6,52,34,38,34,PULO,49.18963333,-124.0023833,116.3789726,308,198,-1.494374222,0.107822843,386
26,1,1,BC,BC6,136,51,35,41,PULO,49.18963333,-124.0023833,116.3789726,308,198,-1.494374222,0.107822843,386
27,1,3,BK,BK2,156,17,21,50,KLMT,42.20829,-124.33443,518.9009265,341,365,0.30590479,0.31116973,506
28,1,1,BK,BK2,106,24,20,39,KLMT,42.20829,-124.33443,518.9009265,341,365,0.30590479,0.31116973,506
29,1,2,BK,BK2,220,37,30,37,KLMT,42.20829,-124.33443,518.9009265,341,365,0.30590479,0.31116973,506
30,1,2,BK,BK3,136,12,31,45,KLMT,42.23008,-124.31038,227.7337184,333,312,-1.019972003,0.228577659,542
31,1,3,BK,BK3,131,17,29,38,KLMT,42.23008,-124.31038,227.7337184,333,312,-1.019972003,0.228577659,542
32,1,1,BK,BK3,140,17,40,26,KLMT,42.23008,-124.31038,227.7337184,333,312,-1.019972003,0.228577659,542
33,1,4,BK,BK3,184,35,37,46,KLMT,42.23008,-124.31038,227.7337184,333,312,-1.019972003,0.228577659,542
34,1,5,BK,BK5,115,28,29,22,KLMT,42.20508,-124.32919,513.8684462,340,369,0.55640631,0.206629269,506
35,1,1,BK,BK5,126,9,35,36,KLMT,42.20508,-124.32919,513.8684462,340,369,0.55640631,0.206629269,506
36,1,4,BK,BK5,233,22,30,48,KLMT,42.20508,-124.32919,513.8684462,340,369,0.55640631,0.206629269,506
37,1,1,BL,BL1,200,11,32,38,CSCO,39.15803333,-122.9935333,416,315,52,-1.88985788,0.200189286,671
38,1,4,BL,BL1,118,21,20,46,CSCO,39.15803333,-122.9935333,416,315,52,-1.88985788,0.200189286,671
39,1,2,BL,BL1,43,23,21,47,CSCO,39.15803333,-122.9935333,416,315,52,-1.88985788,0.200189286,671
40,1,2,BL,BL2,77,1,16,27,CSCO,39.17108333,-123.0087833,430.0671602,318,53,-2.217875086,0.296250926,666
41,1,5,BL,BL3,138,31,40,39,CSCO,39.17141667,-123.0092167,434.8810332,319,53,-1.906300579,0.311125239,666
42,1,1,BL,BL3,161,35,32,39,CSCO,39.17141667,-123.0092167,434.8810332,319,53,-1.906300579,0.311125239,666
43,1,4,BL,BL3,67,38,38,22,CSCO,39.17141667,-123.0092167,434.8810332,319,53,-1.906300579,0.311125239,666
44,1,3,BR,BR3,120,33,26,36,PULO,47.55821667,-122.67115,43.14325954,321,187,-2.550927968,0.13244033,506
45,1,4,BR,BR3,245,17,18,38,PULO,47.55821667,-122.67115,43.14325954,321,187,-2.550927968,0.13244033,506
46,1,2,BR,BR3,254,33,24,45,PULO,47.55821667,-122.67115,43.14325954,321,187,-2.550927968,0.13244033,506
47,1,1,BR,BR3,328,22,36,39,PULO,47.55821667,-122.67115,43.14325954,321,187,-2.550927968,0.13244033,506
48,1,4,BR,BR7,132,28,31,30,PULO,47.55825,-122.6729,34.3480449,321,187,0.215026968,0.056897837,507
49,1,5,BR,BR7,187,23,26,38,PULO,47.55825,-122.6729,34.3480449,321,187,0.215026968,0.056897837,507
50,1,2,BR,BR7,196,32,32,40,PULO,47.55825,-122.6729,34.3480449,321,187,0.215026968,0.056897837,507
51,1,4,CC,CC2,80,23,23,35,CSCO,38.00543333,-122.4754333,33.74822338,351,25,1.890077472,0.265628802,829
52,1,3,CC,CC2,125,22,35,39,CSCO,38.00543333,-122.4754333,33.74822338,351,25,1.890077472,0.265628802,829
53,1,2,CC,CC2,127,28,31,52,CSCO,38.00543333,-122.4754333,33.74822338,351,25,1.890077472,0.265628802,829
54,1,1,CC,CC4,51,26,23,42,CSCO,38.00583333,-122.4751333,25,351,26,1.570781241,0.252364237,829
55,1,3,CC,CC7,206,26,28,44,CSCO,38.00611667,-122.4754333,18.52828442,351,25,1.555208722,0.380039335,829
56,1,1,CC,CC7,127,37,47,34,CSCO,38.00611667,-122.4754333,18.52828442,351,25,1.555208722,0.380039335,829
57,1,2,CC,CC7,61,23,23,48,CSCO,38.00611667,-122.4754333,18.52828442,351,25,1.555208722,0.380039335,829
58,1,3,CP,CP24,243,46,17,47,KLMT,42.3353,-123.53848,745.5141535,305,141,-2.650318594,0.037217289,479
59,1,2,CP,CP24,164,25,34,31,KLMT,42.3353,-123.53848,745.5141535,305,141,-2.650318594,0.037217289,479
60,1,1,CP,CP26,196,22,27,41,KLMT,42.18767,-122.97697,701.6523575,292,108,-2.545343945,0.217031899,454
61,1,1,CR,CR2,121,26,24,48,PULO,46.063611,-122.8625,110.0216562,312,227,2.28750569,0.106879665,502
62,1,4,CR,CR2,179,9,28,45,PULO,46.063611,-122.8625,110.0216562,312,227,2.28750569,0.106879665,502
63,1,2,CR,CR2,151,9,32,27,PULO,46.063611,-122.8625,110.0216562,312,227,2.28750569,0.106879665,502
64,1,4,CR,CR3,177,8,44,47,PULO,46.063611,-122.8625,110.0216562,312,227,2.28750569,0.106879665,502
65,1,1,CR,CR3,185,13,45,30,PULO,46.063611,-122.8625,110.0216562,312,227,2.28750569,0.106879665,502
66,1,1,CR,CR4,105,18,22,43,PULO,46.063611,-122.8625,110.0216562,312,227,2.28750569,0.106879665,502
67,1,5,CR,CR4,181,2,32,41,PULO,46.063611,-122.8625,110.0216562,312,227,2.28750569,0.106879665,502
68,1,1,DE,DE4,131,24,24,50,CSCD,44.69503333,-121.9944833,805,284,290,-1.480810325,0.466735197,271
69,1,2,DE,DE4,86,34,42,52,CSCD,44.69503333,-121.9944833,805,284,290,-1.480810325,0.466735197,271
70,1,1,DE,DE5,63,27,19,39,CSCD,44.6945,-121.9952,771.8925058,284,290,-1.947531757,0.344618874,275
71,1,2,DE,DE5,170,35,35,41,CSCD,44.6945,-121.9952,771.8925058,284,290,-1.947531757,0.344618874,275
72,1,4,DE,DE6,91,20,39,33,CSCD,44.6938,-121.9951833,754.8524513,284,290,-1.968047901,0.461274144,282
73,1,5,DE,DE6,196,23,32,32,CSCD,44.6938,-121.9951833,754.8524513,284,290,-1.968047901,0.461274144,282
74,1,1,DE,DE6,128,30,27,38,CSCD,44.6938,-121.9951833,754.8524513,284,290,-1.968047901,0.461274144,282
75,1,3,DE,DE6,106,22,43,40,CSCD,44.6938,-121.9951833,754.8524513,284,290,-1.968047901,0.461274144,282
76,1,2,GA,GA1,197,33,23,50,CORA,40.0901,-123.8132,163.3449122,326,79,-2.444778458,0.032336311,652
77,1,1,GA,GA1,184,31,28,32,CORA,40.0901,-123.8132,163.3449122,326,79,-2.444778458,0.032336311,652
78,1,4,GA,GA1,81,15,39,26,CORA,40.0901,-123.8132,163.3449122,326,79,-2.444778458,0.032336311,652
79,1,1,GA,GA2,210,15,39,28,CORA,40.0891,-123.8257,255.6645866,327,90,-0.426326461,0.455617161,643
80,1,1,GA,GA3,87,32,30,38,CORA,40.0905,-123.8258,277.8171474,327,89,0.127774533,0.229606911,644
81,1,2,GP,GP1,180,16,36,47,KLMT,42.47683333,-123.3492333,441.0596907,300,89,-2.016560826,0.293117241,557
82,1,5,GP,GP1,127,39,22,42,KLMT,42.47683333,-123.3492333,441.0596907,300,89,-2.016560826,0.293117241,557
83,1,4,GP,GP1,177,14,17,50,KLMT,42.47683333,-123.3492333,441.0596907,300,89,-2.016560826,0.293117241,557
84,1,1,GP,GP2,136,24,37,36,KLMT,42.47655,-123.3491167,432.5952513,300,88,-1.878523636,0.255715884,565
85,1,2,GP,GP2,115,23,38,48,KLMT,42.47655,-123.3491167,432.5952513,300,88,-1.878523636,0.255715884,565
86,1,3,GP,GP2,75,24,37,42,KLMT,42.47655,-123.3491167,432.5952513,300,88,-1.878523636,0.255715884,565
87,1,1,HC,HC1,176,20,26,39,KLMT,40.2918,-123.7601,404.8283781,330,103,-0.926599118,0.285655448,627
88,1,3,HC,HC2,54,21,41,38,KLMT,40.292,-123.7605,408.7916281,330,103,-2.516512404,0.22185264,627
89,1,1,HC,HC2,161,8,27,25,KLMT,40.292,-123.7605,408.7916281,330,103,-2.516512404,0.22185264,627
90,1,2,KL,KL10,190,8,35,59,KLMT,41.94295,-123.4958333,989.2019633,304,148,-2.813256227,0.22971682,381
91,1,1,KL,KL10,26,23,28,52,KLMT,41.94295,-123.4958333,989.2019633,304,148,-2.813256227,0.22971682,381
92,1,1,KL,KL12,254,27,35,40,KLMT,41.53333333,-123.5166667,489,304,103,1.831873998,0.246233494,677
93,1,2,KL,KL12,142,31,38,42,KLMT,41.53333333,-123.5166667,489,304,103,1.831873998,0.246233494,677
94,1,2,KL,KL13,114,17,25,31,KLMT,41.33333333,-123.1666667,1180,302,107,2.63399628,0.587579889,415
95,1,5,KL,KL13,118,16,43,44,KLMT,41.33333333,-123.1666667,1180,302,107,2.63399628,0.587579889,415
96,1,3,KL,KL13,65,15,35,38,KLMT,41.33333333,-123.1666667,1180,302,107,2.63399628,0.587579889,415
97,1,1,KL,KL13,113,17,35,44,KLMT,41.33333333,-123.1666667,1180,302,107,2.63399628,0.587579889,415
98,1,5,KL,KL14,259,8,30,39,KLMT,41.31666667,-123.5166667,307,325,112,-3.099890747,0.37037054,768
99,1,4,KL,KL14,198,31,27,33,KLMT,41.31666667,-123.5166667,307,325,112,-3.099890747,0.37037054,768
100,1,3,LC,LC1,113,38,19,39,CORA,48.0735,-123.80045,606.9162552,312,181,-1.368785871,0.551275818,374
101,1,2,LC,LC1,202,22,28,62,CORA,48.0735,-123.80045,606.9162552,312,181,-1.368785871,0.551275818,374
102,1,5,LC,LC1,145,11,22,44,CORA,48.0735,-123.80045,606.9162552,312,181,-1.368785871,0.551275818,374
103,1,1,LC,LC1,88,15,36,40,CORA,48.0735,-123.80045,606.9162552,312,181,-1.368785871,0.551275818,374
104,1,1,LC,LC2,165,22,21,40,CORA,48.0582,-123.79925,188.427708,311,193,2.97496497,0.163777934,360
105,1,4,LC,LC2,271,37,43,39,CORA,48.0582,-123.79925,188.427708,311,193,2.97496497,0.163777934,360
106,1,2,LC,LC2,90,15,33,25,CORA,48.0582,-123.79925,188.427708,311,193,2.97496497,0.163777934,360
107,1,3,OH,OH1,111,13,18,32,PULO,48.30341667,-122.6466833,23.90940699,316,145,2.578492255,0.031215187,428
108,1,1,OH,OH1,114,37,35,51,PULO,48.30341667,-122.6466833,23.90940699,316,145,2.578492255,0.031215187,428
109,1,2,OH,OH1,215,24,24,38,PULO,48.30341667,-122.6466833,23.90940699,316,145,2.578492255,0.031215187,428
110,1,3,OL,OL1,277,30,25,36,PULO,47.05435,-122.8932833,10.75525348,310,197,-3.090005681,0.233644393,481
111,1,2,OL,OL1,224,32,33,37,PULO,47.05435,-122.8932833,10.75525348,310,197,-3.090005681,0.233644393,481
112,1,1,OL,OL1,228,17,42,30,PULO,47.05435,-122.8932833,10.75525348,310,197,-3.090005681,0.233644393,481
113,1,1,PA,PA1,78,31,29,45,PULO,48.10106667,-123.4425333,105.0010194,313,135,1.560586799,0.081388377,375
114,1,4,PA,PA1,127,15,52,38,PULO,48.10106667,-123.4425333,105.0010194,313,135,1.560586799,0.081388377,375
115,1,1,PA,PA3,77,32,37,44,PULO,48.11241667,-123.44635,53.60249091,317,126,2.069149105,0.191455714,396
116,1,4,PA,PA3,180,15,36,46,PULO,48.11241667,-123.44635,53.60249091,317,126,2.069149105,0.191455714,396
117,1,1,PA,PA4,190,18,40,40,PULO,48.10711667,-123.4479167,75.85669041,315,130,2.130372084,0.036598629,387
118,1,2,PA,PA4,188,22,40,50,PULO,48.10711667,-123.4479167,75.85669041,315,130,2.130372084,0.036598629,387
119,1,2,PF,PF1,201,11,37,39,CSCD,46.83825,-122.30768,446.3859074,298,239,-3.045435602,0.206807071,381
120,1,1,PF,PF1,71,41,23,51,CSCD,46.83825,-122.30768,446.3859074,298,239,-3.045435602,0.206807071,381
121,1,4,PF,PF1,152,18,36,35,CSCD,46.83825,-122.30768,446.3859074,298,239,-3.045435602,0.206807071,381
122,1,3,PF,PF1,131,21,20,37,CSCD,46.83825,-122.30768,446.3859074,298,239,-3.045435602,0.206807071,381
123,1,1,PF,PF4,223,21,35,25,CSCD,46.84325,-122.31388,278.243519,303,219,0.678447218,0.141654971,429
124,1,2,PF,PF5,106,32,33,43,CSCD,46.84235,-122.31428,275.7847416,303,219,-2.744959183,0.092530346,428
125,1,4,PF,PF5,147,18,16,54,CSCD,46.84235,-122.31428,275.7847416,303,219,-2.744959183,0.092530346,428
126,1,1,PF,PF5,179,28,36,54,CSCD,46.84235,-122.31428,275.7847416,303,219,-2.744959183,0.092530346,428
127,1,1,PL,PL11,74,25,44,43,SRNA,38.74076,-120.71252,898.904047,331,88,1.000746698,0.038437558,689
128,1,3,PL,PL11,228,18,4,52,SRNA,38.74076,-120.71252,898.904047,331,88,1.000746698,0.038437558,689
129,1,2,PL,PL4,239,17,24,40,SRNA,38.76192,-120.74256,776.7992153,329,82,1.807896523,0.353680036,717
130,1,1,PL,PL4,229,27,25,33,SRNA,38.76192,-120.74256,776.7992153,329,82,1.807896523,0.353680036,717
131,1,3,PL,PL4,92,27,30,41,SRNA,38.76192,-120.74256,776.7992153,329,82,1.807896523,0.353680036,717
132,1,2,PL,PL7,35,22,29,64,SRNA,38.75437,-120.65384,990.946738,325,96,-2.613723976,0.125672311,639
133,1,5,PL,PL7,231,21,18,32,SRNA,38.75437,-120.65384,990.946738,325,96,-2.613723976,0.125672311,639
134,1,3,RA,RA2,81,24,22,37,KLMT,42.19585,-124.22141,818,338,436,-1.68280835,0.193043992,429
135,1,2,RA,RA2,142,19,27,18,KLMT,42.19585,-124.22141,818,338,436,-1.68280835,0.193043992,429
136,1,1,RA,RA2,120,45,16,35,KLMT,42.19585,-124.22141,818,338,436,-1.68280835,0.193043992,429
137,1,4,RA,RA8,112,10,17,34,KLMT,42.19585,-124.22141,818,338,436,-1.68280835,0.193043992,429
138,1,3,RV,RV4,164,15,22,31,CSCO,39.25353333,-123.1938167,273.5079409,321,54,2.673097459,0.167128073,753
139,1,1,RV,RV4,162,13,28,45,CSCO,39.25353333,-123.1938167,273.5079409,321,54,2.673097459,0.167128073,753
140,1,2,RV,RV8,179,10,30,34,CSCO,39.25345,-123.1935,277.2550454,321,54,-2.592567393,0.119598861,753
141,1,1,RV,RV8,170,9,40,49,CSCO,39.25345,-123.1935,277.2550454,321,54,-2.592567393,0.119598861,753
142,1,2,SN,SN1,169,17,34,43,SRNA,39.39353,-121.08437,462.7435315,329,92,2.578950071,0.200814487,794
143,1,1,SN,SN1,216,30,38,47,SRNA,39.39353,-121.08437,462.7435315,329,92,2.578950071,0.200814487,794
144,1,4,SN,SN1,135,16,34,48,SRNA,39.39353,-121.08437,462.7435315,329,92,2.578950071,0.200814487,794
145,1,4,SN,SN2,160,16,21,48,SRNA,39.40079,-121.10321,551,326,98,-1.352538731,0.09550277,760
146,1,1,SN,SN4,171,21,30,35,SRNA,39.32274,-121.1035,557.7090392,330,89,-2.369707598,0.225037832,769
147,1,2,SN,SN4,150,16,33,34,SRNA,39.32274,-121.1035,557.7090392,330,89,-2.369707598,0.225037832,769
148,1,2,VE,VE10,276,4,26,33,WIVA,44.03646,-123.36948,222.9986262,313,156,-2.641411889,0.128191854,513
149,1,1,VE,VE10,112,23,29,34,WIVA,44.03646,-123.36948,222.9986262,313,156,-2.641411889,0.128191854,513
150,1,3,VE,VE10,165,24,24,34,WIVA,44.03646,-123.36948,222.9986262,313,156,-2.641411889,0.128191854,513
151,1,1,VE,VE5,96,38,42,47,WIVA,44.03646,-123.36948,222.9986262,313,156,-2.641411889,0.128191854,513
152,1,2,VE,VE5,276,18,35,29,WIVA,44.03646,-123.36948,222.9986262,313,156,-2.641411889,0.128191854,513
153,1,5,VE,VE5,131,22,43,37,WIVA,44.03646,-123.36948,222.9986262,313,156,-2.641411889,0.128191854,513
154,1,3,VE,VE7,143,7,34,32,WIVA,44.03646,-123.36948,222.9986262,313,156,-2.641411889,0.128191854,513
155,1,4,VE,VE7,179,9,32,37,WIVA,44.03646,-123.36948,222.9986262,313,156,-2.641411889,0.128191854,513
156,1,4,VI,VI3,55,15,31,42,PULO,48.53861667,-123.3901333,79.15110082,318,143,-0.422923356,0.143541497,438
157,1,1,VI,VI3,104,11,29,44,PULO,48.53861667,-123.3901333,79.15110082,318,143,-0.422923356,0.143541497,438
158,1,3,VI,VI4,160,15,31,46,PULO,48.50686667,-123.3848833,95.20123184,318,141,-0.471458545,0.218718482,433
159,1,1,VI,VI4,38,20,35,35,PULO,48.50686667,-123.3848833,95.20123184,318,141,-0.471458545,0.218718482,433
160,1,2,VI,VI4,100,25,26,38,PULO,48.50686667,-123.3848833,95.20123184,318,141,-0.471458545,0.218718482,433
161,1,4,VI,VI5,176,19,38,34,PULO,48.48685,-123.3873667,36.19343555,320,139,-0.593687595,0.050225651,452
162,1,1,VI,VI5,315,28,16,47,PULO,48.48685,-123.3873667,36.19343555,320,139,-0.593687595,0.050225651,452
163,1,2,ZE,ZE1,153,26,34,39,WIVA,45.01889,-123.15399,130.4771459,310,204,-0.971999384,0.121593207,506
164,1,1,ZE,ZE4,101,30,36,39,WIVA,45.01889,-123.15399,130.4771459,310,204,-0.971999384,0.121593207,506
165,1,4,ZE,ZE4,208,19,24,50,WIVA,45.01889,-123.15399,130.4771459,310,204,-0.971999384,0.121593207,506
166,1,2,ZE,ZE4,82,20,26,43,WIVA,45.01889,-123.15399,130.4771459,310,204,-0.971999384,0.121593207,506
167,1,3,ZE,ZE4,264,26,55,29,WIVA,45.01889,-123.15399,130.4771459,310,204,-0.971999384,0.121593207,506
168,1,3,ZE,ZE6,108,8,42,40,WIVA,45.01889,-123.15399,130.4771459,310,204,-0.971999384,0.121593207,506
169,1,2,ZE,ZE6,183,23,34,53,WIVA,45.01889,-123.15399,130.4771459,310,204,-0.971999384,0.121593207,506
170,1,1,ZE,ZE6,91,23,43,41,WIVA,45.01889,-123.15399,130.4771459,310,204,-0.971999384,0.121593207,506
171,1,4,ZE,ZE6,158,32,16,42,WIVA,45.01889,-123.15399,130.4771459,310,204,-0.971999384,0.121593207,506
172,2,1,AK,AK3,158,22,28,44,WIVA,44.82509,-123.11264,63.11733514,311,170,-1.743717337,0.202737401,547
173,2,1,AK,AK6,216,30,19,32,WIVA,44.82509,-123.11264,63.11733514,311,170,-1.743717337,0.202737401,547
174,2,2,AK,AK6,150,17,37,38,WIVA,44.82509,-123.11264,63.11733514,311,170,-1.743717337,0.202737401,547
175,2,5,AK,AK6,200,25,45,38,WIVA,44.82509,-123.11264,63.11733514,311,170,-1.743717337,0.202737401,547
176,2,3,AK,AK9,113,13,30,34,WIVA,44.82509,-123.11264,63.11733514,311,170,-1.743717337,0.202737401,547
177,2,1,AK,AK9,86,1,25,36,WIVA,44.82509,-123.11264,63.11733514,311,170,-1.743717337,0.202737401,547
178,2,2,AK,AK9,171,18,42,32,WIVA,44.82509,-123.11264,63.11733514,311,170,-1.743717337,0.202737401,547
179,2,4,AK,AK9,166,1,11,29,WIVA,44.82509,-123.11264,63.11733514,311,170,-1.743717337,0.202737401,547
180,2,3,BA,BA2,260,25,30,41,CORA,43.01656,-124.41927,44.78673079,331,213,-1.534029337,0.115197517,491
181,2,1,BA,BA3,178,32,17,51,CORA,43.01245,-124.41483,48.72416813,331,215,-2.455516856,0.057813917,496
182,2,1,BA,BA5,152,21,32,57,CORA,43.02481,-124.41467,41.10325267,331,210,-2.180308608,0.042761304,489
183,2,1,BC,BC3,57,25,43,40,PULO,49.19098333,-124.0031,126.5258218,308,198,0.352846759,0.088854592,390
184,2,1,BC,BC6,142,27,19,28,PULO,49.18963333,-124.0023833,116.3789726,308,198,-1.494374222,0.107822843,386
185,2,5,BC,BC6,194,29,25,41,PULO,49.18963333,-124.0023833,116.3789726,308,198,-1.494374222,0.107822843,386
186,2,3,BC,BC6,327,28,35,41,PULO,49.18963333,-124.0023833,116.3789726,308,198,-1.494374222,0.107822843,386
187,2,4,BC,BC8,110,30,34,36,PULO,49.18886667,-124.0046333,112.3369765,308,199,-2.2238487,0.081346672,383
188,2,3,BK,BK2,112,14,14,50,KLMT,42.20829,-124.33443,518.9009265,341,365,0.30590479,0.31116973,506
189,2,2,BK,BK2,165,33,42,34,KLMT,42.20829,-124.33443,518.9009265,341,365,0.30590479,0.31116973,506
190,2,3,BK,BK3,243,14,39,48,KLMT,42.23008,-124.31038,227.7337184,333,312,-1.019972003,0.228577659,542
191,2,5,BK,BK3,99,25,19,46,KLMT,42.23008,-124.31038,227.7337184,333,312,-1.019972003,0.228577659,542
192,2,5,BK,BK5,102,32,25,38,KLMT,42.20508,-124.32919,513.8684462,340,369,0.55640631,0.206629269,506
193,2,5,BL,BL2,122,21,40,20,CSCO,39.17108333,-123.0087833,430.0671602,318,53,-2.217875086,0.296250926,666
194,2,2,BL,BL2,164,17,35,36,CSCO,39.17108333,-123.0087833,430.0671602,318,53,-2.217875086,0.296250926,666
195,2,5,BL,BL3,44,33,38,29,CSCO,39.17141667,-123.0092167,434.8810332,319,53,-1.906300579,0.311125239,666
196,2,1,BR,BR3,328,16,49,30,PULO,47.55821667,-122.67115,43.14325954,321,187,-2.550927968,0.13244033,506
197,2,2,BR,BR3,182,14,37,31,PULO,47.55821667,-122.67115,43.14325954,321,187,-2.550927968,0.13244033,506
198,2,3,BR,BR7,191,26,35,38,PULO,47.55825,-122.6729,34.3480449,321,187,0.215026968,0.056897837,507
199,2,4,CC,CC7,271,22,33,47,CSCO,38.00611667,-122.4754333,18.52828442,351,25,1.555208722,0.380039335,829
200,2,5,CP,CP24,112,20,22,47,KLMT,42.3353,-123.53848,745.5141535,305,141,-2.650318594,0.037217289,479
201,2,1,CP,CP24,73,34,46,41,KLMT,42.3353,-123.53848,745.5141535,305,141,-2.650318594,0.037217289,479
202,2,2,CP,CP24,245,27,14,36,KLMT,42.3353,-123.53848,745.5141535,305,141,-2.650318594,0.037217289,479
203,2,4,CP,CP24,78,40,20,38,KLMT,42.3353,-123.53848,745.5141535,305,141,-2.650318594,0.037217289,479
204,2,2,CP,CP26,73,20,27,43,KLMT,42.18767,-122.97697,701.6523575,292,108,-2.545343945,0.217031899,454
205,2,1,CP,CP9,137,11,16,44,KLMT,42.26343,-122.98724,822.2123631,293,111,-0.727018786,0.252273438,406
206,2,2,CP,CP9,136,19,34,42,KLMT,42.26343,-122.98724,822.2123631,293,111,-0.727018786,0.252273438,406
207,2,1,CR,CR2,142,38,36,51,PULO,46.063611,-122.8625,110.0216562,312,227,2.28750569,0.106879665,502
208,2,5,CR,CR2,131,27,19,52,PULO,46.063611,-122.8625,110.0216562,312,227,2.28750569,0.106879665,502
209,2,4,CR,CR2,222,15,20,44,PULO,46.063611,-122.8625,110.0216562,312,227,2.28750569,0.106879665,502
210,2,5,CR,CR3,253,34,24,40,PULO,46.063611,-122.8625,110.0216562,312,227,2.28750569,0.106879665,502
211,2,4,CR,CR3,132,30,31,26,PULO,46.063611,-122.8625,110.0216562,312,227,2.28750569,0.106879665,502
212,2,1,CR,CR3,241,9,37,38,PULO,46.063611,-122.8625,110.0216562,312,227,2.28750569,0.106879665,502
213,2,1,CR,CR4,100,9,40,42,PULO,46.063611,-122.8625,110.0216562,312,227,2.28750569,0.106879665,502
214,2,5,CR,CR4,191,21,23,31,PULO,46.063611,-122.8625,110.0216562,312,227,2.28750569,0.106879665,502
215,2,2,CR,CR4,198,24,29,29,PULO,46.063611,-122.8625,110.0216562,312,227,2.28750569,0.106879665,502
216,2,3,DE,DE4,199,11,26,36,CSCD,44.69503333,-121.9944833,805,284,290,-1.480810325,0.466735197,271
217,2,4,DE,DE4,230,30,41,46,CSCD,44.69503333,-121.9944833,805,284,290,-1.480810325,0.466735197,271
218,2,4,DE,DE5,109,26,44,40,CSCD,44.6945,-121.9952,771.8925058,284,290,-1.947531757,0.344618874,275
219,2,2,DE,DE5,189,13,33,34,CSCD,44.6945,-121.9952,771.8925058,284,290,-1.947531757,0.344618874,275
220,2,5,DE,DE5,156,36,42,43,CSCD,44.6945,-121.9952,771.8925058,284,290,-1.947531757,0.344618874,275
221,2,5,DE,DE6,134,20,40,51,CSCD,44.6938,-121.9951833,754.8524513,284,290,-1.968047901,0.461274144,282
222,2,5,GA,GA1,132,11,37,28,CORA,40.0901,-123.8132,163.3449122,326,79,-2.444778458,0.032336311,652
223,2,1,GA,GA1,138,25,31,35,CORA,40.0901,-123.8132,163.3449122,326,79,-2.444778458,0.032336311,652
224,2,4,GA,GA1,110,26,41,42,CORA,40.0901,-123.8132,163.3449122,326,79,-2.444778458,0.032336311,652
225,2,4,GA,GA2,92,4,24,31,CORA,40.0891,-123.8257,255.6645866,327,90,-0.426326461,0.455617161,643
226,2,1,GA,GA2,111,25,38,50,CORA,40.0891,-123.8257,255.6645866,327,90,-0.426326461,0.455617161,643
227,2,4,GP,GP1,195,39,22,33,KLMT,42.47683333,-123.3492333,441.0596907,300,89,-2.016560826,0.293117241,557
228,2,1,GP,GP1,103,28,39,32,KLMT,42.47683333,-123.3492333,441.0596907,300,89,-2.016560826,0.293117241,557
229,2,5,GP,GP2,208,5,41,32,KLMT,42.47655,-123.3491167,432.5952513,300,88,-1.878523636,0.255715884,565
230,2,1,GP,GP2,192,22,14,39,KLMT,42.47655,-123.3491167,432.5952513,300,88,-1.878523636,0.255715884,565
231,2,3,HC,HC1,95,7,31,40,KLMT,40.2918,-123.7601,404.8283781,330,103,-0.926599118,0.285655448,627
232,2,2,HC,HC2,113,28,29,42,KLMT,40.292,-123.7605,408.7916281,330,103,-2.516512404,0.22185264,627
233,2,3,HC,HC2,242,27,40,51,KLMT,40.292,-123.7605,408.7916281,330,103,-2.516512404,0.22185264,627
234,2,4,KL,KL10,152,13,18,35,KLMT,41.94295,-123.4958333,989.2019633,304,148,-2.813256227,0.22971682,381
235,2,1,KL,KL12,110,25,22,40,KLMT,41.53333333,-123.5166667,489,304,103,1.831873998,0.246233494,677
236,2,1,KL,KL13,143,36,29,37,KLMT,41.33333333,-123.1666667,1180,302,107,2.63399628,0.587579889,415
237,2,4,KL,KL14,208,28,32,41,KLMT,41.31666667,-123.5166667,307,325,112,-3.099890747,0.37037054,768
238,2,2,LC,LC1,152,1,31,47,CORA,48.0735,-123.80045,606.9162552,312,181,-1.368785871,0.551275818,374
239,2,4,LC,LC2,171,14,44,49,CORA,48.0582,-123.79925,188.427708,311,193,2.97496497,0.163777934,360
240,2,1,LC,LC2,169,15,25,30,CORA,48.0582,-123.79925,188.427708,311,193,2.97496497,0.163777934,360
241,2,5,LC,LC2,179,31,19,56,CORA,48.0582,-123.79925,188.427708,311,193,2.97496497,0.163777934,360
242,2,3,OH,OH1,30,23,31,41,PULO,48.30341667,-122.6466833,23.90940699,316,145,2.578492255,0.031215187,428
243,2,1,OH,OH1,229,15,28,32,PULO,48.30341667,-122.6466833,23.90940699,316,145,2.578492255,0.031215187,428
244,2,5,OL,OL1,98,12,38,27,PULO,47.05435,-122.8932833,10.75525348,310,197,-3.090005681,0.233644393,481
245,2,1,OL,OL1,97,23,37,34,PULO,47.05435,-122.8932833,10.75525348,310,197,-3.090005681,0.233644393,481
246,2,4,OL,OL1,165,23,32,32,PULO,47.05435,-122.8932833,10.75525348,310,197,-3.090005681,0.233644393,481
247,2,3,OL,OL1,100,41,42,48,PULO,47.05435,-122.8932833,10.75525348,310,197,-3.090005681,0.233644393,481
248,2,3,PA,PA1,201,23,48,44,PULO,48.10106667,-123.4425333,105.0010194,313,135,1.560586799,0.081388377,375
249,2,2,PA,PA3,95,38,30,45,PULO,48.11241667,-123.44635,53.60249091,317,126,2.069149105,0.191455714,396
250,2,1,PA,PA3,160,21,28,47,PULO,48.11241667,-123.44635,53.60249091,317,126,2.069149105,0.191455714,396
251,2,4,PA,PA3,106,25,31,40,PULO,48.11241667,-123.44635,53.60249091,317,126,2.069149105,0.191455714,396
252,2,1,PA,PA4,153,16,38,33,PULO,48.10711667,-123.4479167,75.85669041,315,130,2.130372084,0.036598629,387
253,2,2,PF,PF4,239,6,30,47,CSCD,46.84325,-122.31388,278.243519,303,219,0.678447218,0.141654971,429
254,2,4,PF,PF4,117,18,27,41,CSCD,46.84325,-122.31388,278.243519,303,219,0.678447218,0.141654971,429
255,2,1,PF,PF4,173,20,47,46,CSCD,46.84325,-122.31388,278.243519,303,219,0.678447218,0.141654971,429
256,2,3,PF,PF5,37,32,24,26,CSCD,46.84235,-122.31428,275.7847416,303,219,-2.744959183,0.092530346,428
257,2,5,PF,PF5,153,25,26,36,CSCD,46.84235,-122.31428,275.7847416,303,219,-2.744959183,0.092530346,428
258,2,4,PF,PF5,142,7,35,38,CSCD,46.84235,-122.31428,275.7847416,303,219,-2.744959183,0.092530346,428
259,2,3,PL,PL11,218,27,30,50,SRNA,38.74076,-120.71252,898.904047,331,88,1.000746698,0.038437558,689
260,2,2,PL,PL4,69,37,25,37,SRNA,38.76192,-120.74256,776.7992153,329,82,1.807896523,0.353680036,717
261,2,5,PL,PL4,225,28,24,48,SRNA,38.76192,-120.74256,776.7992153,329,82,1.807896523,0.353680036,717
262,2,4,PL,PL4,127,19,22,28,SRNA,38.76192,-120.74256,776.7992153,329,82,1.807896523,0.353680036,717
263,2,1,PL,PL7,215,29,32,30,SRNA,38.75437,-120.65384,990.946738,325,96,-2.613723976,0.125672311,639
264,2,5,PL,PL7,86,17,29,43,SRNA,38.75437,-120.65384,990.946738,325,96,-2.613723976,0.125672311,639
265,2,3,PL,PL7,179,26,32,45,SRNA,38.75437,-120.65384,990.946738,325,96,-2.613723976,0.125672311,639
266,2,4,PL,PL7,201,27,23,44,SRNA,38.75437,-120.65384,990.946738,325,96,-2.613723976,0.125672311,639
267,2,2,RV,RV3,177,16,34,40,CSCO,39.2537,-123.1934667,274.6873016,321,54,1.486836853,0.18408383,755
268,2,3,RV,RV4,332,29,28,40,CSCO,39.25353333,-123.1938167,273.5079409,321,54,2.673097459,0.167128073,753
269,2,4,RV,RV8,140,25,21,48,CSCO,39.25345,-123.1935,277.2550454,321,54,-2.592567393,0.119598861,753
270,2,3,SN,SN1,165,29,33,36,SRNA,39.39353,-121.08437,462.7435315,329,92,2.578950071,0.200814487,794
271,2,5,VE,VE10,78,25,19,29,WIVA,44.03646,-123.36948,222.9986262,313,156,-2.641411889,0.128191854,513
272,2,1,VE,VE10,99,36,40,39,WIVA,44.03646,-123.36948,222.9986262,313,156,-2.641411889,0.128191854,513
273,2,2,VE,VE5,214,2,27,43,WIVA,44.03646,-123.36948,222.9986262,313,156,-2.641411889,0.128191854,513
274,2,1,VE,VE5,225,15,39,41,WIVA,44.03646,-123.36948,222.9986262,313,156,-2.641411889,0.128191854,513
275,2,3,VE,VE5,152,29,25,37,WIVA,44.03646,-123.36948,222.9986262,313,156,-2.641411889,0.128191854,513
276,2,4,VE,VE5,211,14,24,36,WIVA,44.03646,-123.36948,222.9986262,313,156,-2.641411889,0.128191854,513
277,2,3,VE,VE7,125,14,35,45,WIVA,44.03646,-123.36948,222.9986262,313,156,-2.641411889,0.128191854,513
278,2,2,VE,VE7,263,23,27,32,WIVA,44.03646,-123.36948,222.9986262,313,156,-2.641411889,0.128191854,513
279,2,5,VI,VI3,82,30,19,40,PULO,48.53861667,-123.3901333,79.15110082,318,143,-0.422923356,0.143541497,438
280,2,2,VI,VI4,103,24,29,47,PULO,48.50686667,-123.3848833,95.20123184,318,141,-0.471458545,0.218718482,433
281,2,1,VI,VI4,75,10,33,34,PULO,48.50686667,-123.3848833,95.20123184,318,141,-0.471458545,0.218718482,433
282,2,3,VI,VI4,166,4,47,37,PULO,48.50686667,-123.3848833,95.20123184,318,141,-0.471458545,0.218718482,433
283,2,1,VI,VI5,180,30,28,40,PULO,48.48685,-123.3873667,36.19343555,320,139,-0.593687595,0.050225651,452
284,2,4,VI,VI5,215,32,19,42,PULO,48.48685,-123.3873667,36.19343555,320,139,-0.593687595,0.050225651,452
285,2,2,ZE,ZE1,199,26,46,41,WIVA,45.01889,-123.15399,130.4771459,310,204,-0.971999384,0.121593207,506
286,2,1,ZE,ZE4,229,21,32,34,WIVA,45.01889,-123.15399,130.4771459,310,204,-0.971999384,0.121593207,506
287,2,2,ZE,ZE4,210,8,18,37,WIVA,45.01889,-123.15399,130.4771459,310,204,-0.971999384,0.121593207,506
288,2,1,ZE,ZE6,253,13,33,41,WIVA,45.01889,-123.15399,130.4771459,310,204,-0.971999384,0.121593207,506
289,2,2,ZE,ZE6,247,16,30,47,WIVA,45.01889,-123.15399,130.4771459,310,204,-0.971999384,0.121593207,506
290,2,3,ZE,ZE6,178,26,41,27,WIVA,45.01889,-123.15399,130.4771459,310,204,-0.971999384,0.121593207,506
291,3,1,AK,AK3,214,21,35,34,WIVA,44.82509,-123.11264,63.11733514,311,170,-1.743717337,0.202737401,547
292,3,2,AK,AK9,173,38,28,33,WIVA,44.82509,-123.11264,63.11733514,311,170,-1.743717337,0.202737401,547
293,3,5,AK,AK9,100,20,33,42,WIVA,44.82509,-123.11264,63.11733514,311,170,-1.743717337,0.202737401,547
294,3,2,BA,BA2,152,2,32,44,CORA,43.01656,-124.41927,44.78673079,331,213,-1.534029337,0.115197517,491
295,3,1,BA,BA3,195,37,21,43,CORA,43.01245,-124.41483,48.72416813,331,215,-2.455516856,0.057813917,496
296,3,3,BA,BA3,189,27,33,40,CORA,43.01245,-124.41483,48.72416813,331,215,-2.455516856,0.057813917,496
297,3,2,BA,BA3,130,37,34,43,CORA,43.01245,-124.41483,48.72416813,331,215,-2.455516856,0.057813917,496
298,3,2,BA,BA5,143,18,22,49,CORA,43.02481,-124.41467,41.10325267,331,210,-2.180308608,0.042761304,489
299,3,3,BA,BA5,148,32,23,45,CORA,43.02481,-124.41467,41.10325267,331,210,-2.180308608,0.042761304,489
300,3,5,BA,BA5,153,8,39,48,CORA,43.02481,-124.41467,41.10325267,331,210,-2.180308608,0.042761304,489
301,3,2,BC,BC3,220,10,23,47,PULO,49.19098333,-124.0031,126.5258218,308,198,0.352846759,0.088854592,390
302,3,5,BC,BC3,186,21,31,56,PULO,49.19098333,-124.0031,126.5258218,308,198,0.352846759,0.088854592,390
303,3,1,BC,BC3,105,32,47,37,PULO,49.19098333,-124.0031,126.5258218,308,198,0.352846759,0.088854592,390
304,3,3,BC,BC3,146,15,39,41,PULO,49.19098333,-124.0031,126.5258218,308,198,0.352846759,0.088854592,390
305,3,5,BC,BC6,195,32,26,40,PULO,49.18963333,-124.0023833,116.3789726,308,198,-1.494374222,0.107822843,386
306,3,2,BC,BC6,149,20,36,47,PULO,49.18963333,-124.0023833,116.3789726,308,198,-1.494374222,0.107822843,386
307,3,4,BC,BC6,190,5,23,52,PULO,49.18963333,-124.0023833,116.3789726,308,198,-1.494374222,0.107822843,386
308,3,1,BC,BC6,120,20,19,49,PULO,49.18963333,-124.0023833,116.3789726,308,198,-1.494374222,0.107822843,386
309,3,3,BC,BC8,127,16,29,41,PULO,49.18886667,-124.0046333,112.3369765,308,199,-2.2238487,0.081346672,383
310,3,5,BC,BC8,183,17,43,37,PULO,49.18886667,-124.0046333,112.3369765,308,199,-2.2238487,0.081346672,383
311,3,1,BC,BC8,89,13,31,31,PULO,49.18886667,-124.0046333,112.3369765,308,199,-2.2238487,0.081346672,383
312,3,2,BC,BC8,90,30,36,35,PULO,49.18886667,-124.0046333,112.3369765,308,199,-2.2238487,0.081346672,383
313,3,1,BK,BK2,150,26,22,42,KLMT,42.20829,-124.33443,518.9009265,341,365,0.30590479,0.31116973,506
314,3,5,BK,BK2,252,13,23,44,KLMT,42.20829,-124.33443,518.9009265,341,365,0.30590479,0.31116973,506
315,3,4,BK,BK2,240,8,26,51,KLMT,42.20829,-124.33443,518.9009265,341,365,0.30590479,0.31116973,506
316,3,3,BK,BK2,203,38,33,43,KLMT,42.20829,-124.33443,518.9009265,341,365,0.30590479,0.31116973,506
317,3,3,BK,BK5,150,46,41,42,KLMT,42.20508,-124.32919,513.8684462,340,369,0.55640631,0.206629269,506
318,3,2,BK,BK5,136,34,29,40,KLMT,42.20508,-124.32919,513.8684462,340,369,0.55640631,0.206629269,506
319,3,2,BL,BL1,325,14,45,52,CSCO,39.15803333,-122.9935333,416,315,52,-1.88985788,0.200189286,671
320,3,3,BL,BL2,150,4,37,45,CSCO,39.17108333,-123.0087833,430.0671602,318,53,-2.217875086,0.296250926,666
321,3,2,BL,BL2,187,29,27,28,CSCO,39.17108333,-123.0087833,430.0671602,318,53,-2.217875086,0.296250926,666
322,3,3,BL,BL3,137,30,33,51,CSCO,39.17141667,-123.0092167,434.8810332,319,53,-1.906300579,0.311125239,666
323,3,5,BR,BR3,139,35,46,36,PULO,47.55821667,-122.67115,43.14325954,321,187,-2.550927968,0.13244033,506
324,3,2,BR,BR3,191,6,32,40,PULO,47.55821667,-122.67115,43.14325954,321,187,-2.550927968,0.13244033,506
325,3,3,BR,BR3,235,30,57,41,PULO,47.55821667,-122.67115,43.14325954,321,187,-2.550927968,0.13244033,506
326,3,4,BR,BR7,42,48,33,42,PULO,47.55825,-122.6729,34.3480449,321,187,0.215026968,0.056897837,507
327,3,1,BR,BR7,266,29,29,55,PULO,47.55825,-122.6729,34.3480449,321,187,0.215026968,0.056897837,507
328,3,2,BR,BR7,116,28,31,46,PULO,47.55825,-122.6729,34.3480449,321,187,0.215026968,0.056897837,507
329,3,2,CC,CC2,99,34,31,34,CSCO,38.00543333,-122.4754333,33.74822338,351,25,1.890077472,0.265628802,829
330,3,4,CC,CC4,84,18,21,34,CSCO,38.00583333,-122.4751333,25,351,26,1.570781241,0.252364237,829
331,3,2,CC,CC7,34,15,36,21,CSCO,38.00611667,-122.4754333,18.52828442,351,25,1.555208722,0.380039335,829
332,3,1,CP,CP24,59,31,17,31,KLMT,42.3353,-123.53848,745.5141535,305,141,-2.650318594,0.037217289,479
333,3,2,CP,CP24,216,10,14,31,KLMT,42.3353,-123.53848,745.5141535,305,141,-2.650318594,0.037217289,479
334,3,3,CP,CP26,169,26,20,49,KLMT,42.18767,-122.97697,701.6523575,292,108,-2.545343945,0.217031899,454
335,3,4,CP,CP26,91,20,20,42,KLMT,42.18767,-122.97697,701.6523575,292,108,-2.545343945,0.217031899,454
336,3,1,CP,CP26,145,28,31,42,KLMT,42.18767,-122.97697,701.6523575,292,108,-2.545343945,0.217031899,454
337,3,5,CP,CP26,231,10,34,39,KLMT,42.18767,-122.97697,701.6523575,292,108,-2.545343945,0.217031899,454
338,3,2,CP,CP9,271,18,46,37,KLMT,42.26343,-122.98724,822.2123631,293,111,-0.727018786,0.252273438,406
339,3,1,CP,CP9,226,34,32,33,KLMT,42.26343,-122.98724,822.2123631,293,111,-0.727018786,0.252273438,406
340,3,1,CR,CR2,147,31,38,41,PULO,46.063611,-122.8625,110.0216562,312,227,2.28750569,0.106879665,502
341,3,3,CR,CR3,55,32,25,41,PULO,46.063611,-122.8625,110.0216562,312,227,2.28750569,0.106879665,502
342,3,3,CR,CR4,197,8,47,42,PULO,46.063611,-122.8625,110.0216562,312,227,2.28750569,0.106879665,502
343,3,1,CR,CR4,17,35,51,35,PULO,46.063611,-122.8625,110.0216562,312,227,2.28750569,0.106879665,502
344,3,2,CR,CR4,10,38,44,36,PULO,46.063611,-122.8625,110.0216562,312,227,2.28750569,0.106879665,502
345,3,1,DE,DE4,114,21,41,26,CSCD,44.69503333,-121.9944833,805,284,290,-1.480810325,0.466735197,271
346,3,3,DE,DE4,109,24,28,39,CSCD,44.69503333,-121.9944833,805,284,290,-1.480810325,0.466735197,271
347,3,5,DE,DE4,257,16,19,25,CSCD,44.69503333,-121.9944833,805,284,290,-1.480810325,0.466735197,271
348,3,1,DE,DE5,165,21,30,27,CSCD,44.6945,-121.9952,771.8925058,284,290,-1.947531757,0.344618874,275
349,3,3,DE,DE5,126,27,31,46,CSCD,44.6945,-121.9952,771.8925058,284,290,-1.947531757,0.344618874,275
350,3,5,DE,DE5,199,29,15,54,CSCD,44.6945,-121.9952,771.8925058,284,290,-1.947531757,0.344618874,275
351,3,2,DE,DE5,154,19,20,52,CSCD,44.6945,-121.9952,771.8925058,284,290,-1.947531757,0.344618874,275
352,3,2,DE,DE6,172,35,21,33,CSCD,44.6938,-121.9951833,754.8524513,284,290,-1.968047901,0.461274144,282
353,3,5,DE,DE6,233,22,35,35,CSCD,44.6938,-121.9951833,754.8524513,284,290,-1.968047901,0.461274144,282
354,3,4,DE,DE6,162,22,40,45,CSCD,44.6938,-121.9951833,754.8524513,284,290,-1.968047901,0.461274144,282
355,3,1,GA,GA1,110,27,47,35,CORA,40.0901,-123.8132,163.3449122,326,79,-2.444778458,0.032336311,652
356,3,5,GA,GA1,155,29,34,29,CORA,40.0901,-123.8132,163.3449122,326,79,-2.444778458,0.032336311,652
357,3,4,GA,GA1,162,24,22,44,CORA,40.0901,-123.8132,163.3449122,326,79,-2.444778458,0.032336311,652
358,3,3,GA,GA1,101,31,40,45,CORA,40.0901,-123.8132,163.3449122,326,79,-2.444778458,0.032336311,652
359,3,2,GA,GA2,188,35,28,38,CORA,40.0891,-123.8257,255.6645866,327,90,-0.426326461,0.455617161,643
360,3,4,GA,GA2,99,10,37,33,CORA,40.0891,-123.8257,255.6645866,327,90,-0.426326461,0.455617161,643
361,3,3,GA,GA3,230,8,23,33,CORA,40.0905,-123.8258,277.8171474,327,89,0.127774533,0.229606911,644
362,3,5,GA,GA3,216,26,49,48,CORA,40.0905,-123.8258,277.8171474,327,89,0.127774533,0.229606911,644
363,3,2,GP,GP1,242,19,48,42,KLMT,42.47683333,-123.3492333,441.0596907,300,89,-2.016560826,0.293117241,557
364,3,4,GP,GP1,205,19,31,49,KLMT,42.47683333,-123.3492333,441.0596907,300,89,-2.016560826,0.293117241,557
365,3,1,GP,GP2,221,22,22,29,KLMT,42.47655,-123.3491167,432.5952513,300,88,-1.878523636,0.255715884,565
366,3,5,GP,GP2,153,24,44,49,KLMT,42.47655,-123.3491167,432.5952513,300,88,-1.878523636,0.255715884,565
367,3,4,GP,GP2,129,24,42,36,KLMT,42.47655,-123.3491167,432.5952513,300,88,-1.878523636,0.255715884,565
368,3,2,HC,HC1,107,22,34,43,KLMT,40.2918,-123.7601,404.8283781,330,103,-0.926599118,0.285655448,627
369,3,4,HC,HC2,63,28,31,43,KLMT,40.292,-123.7605,408.7916281,330,103,-2.516512404,0.22185264,627
370,3,3,HC,HC2,121,18,31,43,KLMT,40.292,-123.7605,408.7916281,330,103,-2.516512404,0.22185264,627
371,3,5,KL,KL10,94,29,28,50,KLMT,41.94295,-123.4958333,989.2019633,304,148,-2.813256227,0.22971682,381
372,3,2,KL,KL10,60,21,29,40,KLMT,41.94295,-123.4958333,989.2019633,304,148,-2.813256227,0.22971682,381
373,3,4,KL,KL10,153,33,50,40,KLMT,41.94295,-123.4958333,989.2019633,304,148,-2.813256227,0.22971682,381
374,3,1,KL,KL10,85,18,15,48,KLMT,41.94295,-123.4958333,989.2019633,304,148,-2.813256227,0.22971682,381
375,3,1,KL,KL12,55,28,38,46,KLMT,41.53333333,-123.5166667,489,304,103,1.831873998,0.246233494,677
376,3,4,KL,KL12,168,11,30,35,KLMT,41.53333333,-123.5166667,489,304,103,1.831873998,0.246233494,677
377,3,1,KL,KL13,68,1,37,39,KLMT,41.33333333,-123.1666667,1180,302,107,2.63399628,0.587579889,415
378,3,3,KL,KL13,88,22,32,37,KLMT,41.33333333,-123.1666667,1180,302,107,2.63399628,0.587579889,415
379,3,1,KL,KL14,276,23,18,51,KLMT,41.31666667,-123.5166667,307,325,112,-3.099890747,0.37037054,768
380,3,3,KL,KL14,125,23,25,44,KLMT,41.31666667,-123.5166667,307,325,112,-3.099890747,0.37037054,768
381,3,4,KL,KL14,171,14,42,41,KLMT,41.31666667,-123.5166667,307,325,112,-3.099890747,0.37037054,768
382,3,1,LC,LC1,147,36,32,43,CORA,48.0735,-123.80045,606.9162552,312,181,-1.368785871,0.551275818,374
383,3,1,LC,LC2,48,27,18,39,CORA,48.0582,-123.79925,188.427708,311,193,2.97496497,0.163777934,360
384,3,3,LC,LC2,270,15,58,48,CORA,48.0582,-123.79925,188.427708,311,193,2.97496497,0.163777934,360
385,3,2,LC,LC2,187,14,28,32,CORA,48.0582,-123.79925,188.427708,311,193,2.97496497,0.163777934,360
386,3,5,OH,OH1,165,32,34,40,PULO,48.30341667,-122.6466833,23.90940699,316,145,2.578492255,0.031215187,428
387,3,2,OH,OH1,208,21,44,36,PULO,48.30341667,-122.6466833,23.90940699,316,145,2.578492255,0.031215187,428
388,3,1,OH,OH1,116,17,28,43,PULO,48.30341667,-122.6466833,23.90940699,316,145,2.578492255,0.031215187,428
389,3,4,PA,PA1,28,19,38,42,PULO,48.10106667,-123.4425333,105.0010194,313,135,1.560586799,0.081388377,375
390,3,5,PA,PA1,100,14,29,25,PULO,48.10106667,-123.4425333,105.0010194,313,135,1.560586799,0.081388377,375
391,3,2,PA,PA3,165,7,28,31,PULO,48.11241667,-123.44635,53.60249091,317,126,2.069149105,0.191455714,396
392,3,4,PA,PA3,257,14,29,38,PULO,48.11241667,-123.44635,53.60249091,317,126,2.069149105,0.191455714,396
393,3,5,PA,PA3,168,29,28,40,PULO,48.11241667,-123.44635,53.60249091,317,126,2.069149105,0.191455714,396
394,3,1,PA,PA4,169,19,31,42,PULO,48.10711667,-123.4479167,75.85669041,315,130,2.130372084,0.036598629,387
395,3,1,PF,PF1,200,7,37,38,CSCD,46.83825,-122.30768,446.3859074,298,239,-3.045435602,0.206807071,381
396,3,4,PF,PF1,91,22,31,38,CSCD,46.83825,-122.30768,446.3859074,298,239,-3.045435602,0.206807071,381
397,3,3,PF,PF1,180,27,38,46,CSCD,46.83825,-122.30768,446.3859074,298,239,-3.045435602,0.206807071,381
398,3,2,PF,PF1,233,29,28,49,CSCD,46.83825,-122.30768,446.3859074,298,239,-3.045435602,0.206807071,381
399,3,1,PF,PF4,179,11,18,29,CSCD,46.84325,-122.31388,278.243519,303,219,0.678447218,0.141654971,429
400,3,2,PF,PF4,156,19,37,38,CSCD,46.84325,-122.31388,278.243519,303,219,0.678447218,0.141654971,429
401,3,5,PF,PF5,121,25,25,44,CSCD,46.84235,-122.31428,275.7847416,303,219,-2.744959183,0.092530346,428
402,3,1,PF,PF5,130,28,48,33,CSCD,46.84235,-122.31428,275.7847416,303,219,-2.744959183,0.092530346,428
403,3,2,PL,PL11,145,1,12,52,SRNA,38.74076,-120.71252,898.904047,331,88,1.000746698,0.038437558,689
404,3,5,PL,PL4,90,20,22,42,SRNA,38.76192,-120.74256,776.7992153,329,82,1.807896523,0.353680036,717
405,3,2,PL,PL4,191,19,21,40,SRNA,38.76192,-120.74256,776.7992153,329,82,1.807896523,0.353680036,717
406,3,1,PL,PL4,192,26,33,54,SRNA,38.76192,-120.74256,776.7992153,329,82,1.807896523,0.353680036,717
407,3,1,RA,RA2,136,28,34,21,KLMT,42.19585,-124.22141,818,338,436,-1.68280835,0.193043992,429
408,3,2,RA,RA2,192,9,25,56,KLMT,42.19585,-124.22141,818,338,436,-1.68280835,0.193043992,429
409,3,4,RA,RA8,215,13,31,48,KLMT,42.19585,-124.22141,818,338,436,-1.68280835,0.193043992,429
410,3,2,RA,RA8,217,17,34,42,KLMT,42.19585,-124.22141,818,338,436,-1.68280835,0.193043992,429
411,3,1,RV,RV3,162,30,41,43,CSCO,39.2537,-123.1934667,274.6873016,321,54,1.486836853,0.18408383,755
412,3,5,RV,RV4,67,35,26,40,CSCO,39.25353333,-123.1938167,273.5079409,321,54,2.673097459,0.167128073,753
413,3,1,RV,RV8,35,26,33,26,CSCO,39.25345,-123.1935,277.2550454,321,54,-2.592567393,0.119598861,753
414,3,5,SN,SN1,191,7,40,35,SRNA,39.39353,-121.08437,462.7435315,329,92,2.578950071,0.200814487,794
415,3,2,SN,SN2,77,30,28,42,SRNA,39.40079,-121.10321,551,326,98,-1.352538731,0.09550277,760
416,3,4,SN,SN4,204,4,37,43,SRNA,39.32274,-121.1035,557.7090392,330,89,-2.369707598,0.225037832,769
417,3,3,VE,VE10,158,22,38,44,WIVA,44.03646,-123.36948,222.9986262,313,156,-2.641411889,0.128191854,513
418,3,4,VE,VE10,98,15,20,47,WIVA,44.03646,-123.36948,222.9986262,313,156,-2.641411889,0.128191854,513
419,3,5,VE,VE10,202,12,46,39,WIVA,44.03646,-123.36948,222.9986262,313,156,-2.641411889,0.128191854,513
420,3,5,VE,VE5,190,44,20,36,WIVA,44.03646,-123.36948,222.9986262,313,156,-2.641411889,0.128191854,513
421,3,2,VE,VE5,249,40,28,22,WIVA,44.03646,-123.36948,222.9986262,313,156,-2.641411889,0.128191854,513
422,3,4,VE,VE7,165,8,24,47,WIVA,44.03646,-123.36948,222.9986262,313,156,-2.641411889,0.128191854,513
423,3,1,VE,VE7,124,10,26,47,WIVA,44.03646,-123.36948,222.9986262,313,156,-2.641411889,0.128191854,513
424,3,3,VE,VE7,154,32,40,54,WIVA,44.03646,-123.36948,222.9986262,313,156,-2.641411889,0.128191854,513
425,3,3,VI,VI3,127,25,23,37,PULO,48.53861667,-123.3901333,79.15110082,318,143,-0.422923356,0.143541497,438
426,3,3,VI,VI4,77,36,39,49,PULO,48.50686667,-123.3848833,95.20123184,318,141,-0.471458545,0.218718482,433
427,3,4,VI,VI4,193,35,28,33,PULO,48.50686667,-123.3848833,95.20123184,318,141,-0.471458545,0.218718482,433
428,3,5,VI,VI4,157,12,38,30,PULO,48.50686667,-123.3848833,95.20123184,318,141,-0.471458545,0.218718482,433
429,3,3,VI,VI5,119,11,27,34,PULO,48.48685,-123.3873667,36.19343555,320,139,-0.593687595,0.050225651,452
430,3,3,ZE,ZE1,82,35,58,36,WIVA,45.01889,-123.15399,130.4771459,310,204,-0.971999384,0.121593207,506
431,3,2,ZE,ZE4,120,8,45,42,WIVA,45.01889,-123.15399,130.4771459,310,204,-0.971999384,0.121593207,506
432,3,1,ZE,ZE4,139,5,33,38,WIVA,45.01889,-123.15399,130.4771459,310,204,-0.971999384,0.121593207,506
433,3,5,ZE,ZE4,171,18,24,33,WIVA,45.01889,-123.15399,130.4771459,310,204,-0.971999384,0.121593207,506
434,3,3,ZE,ZE6,100,8,19,54,WIVA,45.01889,-123.15399,130.4771459,310,204,-0.971999384,0.121593207,506
435,3,1,ZE,ZE6,162,13,34,17,WIVA,45.01889,-123.15399,130.4771459,310,204,-0.971999384,0.121593207,506
436,3,5,ZE,ZE6,107,16,13,46,WIVA,45.01889,-123.15399,130.4771459,310,204,-0.971999384,0.121593207,506
437,4,1,AK,AK3,263,28,27,31,WIVA,44.82509,-123.11264,63.11733514,311,170,-1.743717337,0.202737401,547
438,4,2,AK,AK3,256,30,30,29,WIVA,44.82509,-123.11264,63.11733514,311,170,-1.743717337,0.202737401,547
439,4,4,AK,AK6,295,15,47,41,WIVA,44.82509,-123.11264,63.11733514,311,170,-1.743717337,0.202737401,547
440,4,3,AK,AK6,221,15,40,39,WIVA,44.82509,-123.11264,63.11733514,311,170,-1.743717337,0.202737401,547
441,4,5,AK,AK6,162,31,26,38,WIVA,44.82509,-123.11264,63.11733514,311,170,-1.743717337,0.202737401,547
442,4,3,AK,AK9,172,39,37,38,WIVA,44.82509,-123.11264,63.11733514,311,170,-1.743717337,0.202737401,547
443,4,5,AK,AK9,129,28,33,25,WIVA,44.82509,-123.11264,63.11733514,311,170,-1.743717337,0.202737401,547
444,4,3,BA,BA2,178,2,26,44,CORA,43.01656,-124.41927,44.78673079,331,213,-1.534029337,0.115197517,491
445,4,4,BA,BA2,167,9,24,33,CORA,43.01656,-124.41927,44.78673079,331,213,-1.534029337,0.115197517,491
446,4,5,BA,BA2,257,23,27,38,CORA,43.01656,-124.41927,44.78673079,331,213,-1.534029337,0.115197517,491
447,4,1,BA,BA3,262,3,33,45,CORA,43.01245,-124.41483,48.72416813,331,215,-2.455516856,0.057813917,496
448,4,5,BA,BA3,194,24,44,48,CORA,43.01245,-124.41483,48.72416813,331,215,-2.455516856,0.057813917,496
449,4,1,BC,BC3,161,36,23,27,PULO,49.19098333,-124.0031,126.5258218,308,198,0.352846759,0.088854592,390
450,4,4,BC,BC3,153,35,20,34,PULO,49.19098333,-124.0031,126.5258218,308,198,0.352846759,0.088854592,390
451,4,2,BC,BC3,182,27,22,42,PULO,49.19098333,-124.0031,126.5258218,308,198,0.352846759,0.088854592,390
452,4,3,BC,BC3,272,23,29,31,PULO,49.19098333,-124.0031,126.5258218,308,198,0.352846759,0.088854592,390
453,4,5,BC,BC6,127,34,26,34,PULO,49.18963333,-124.0023833,116.3789726,308,198,-1.494374222,0.107822843,386
454,4,4,BC,BC6,226,27,12,51,PULO,49.18963333,-124.0023833,116.3789726,308,198,-1.494374222,0.107822843,386
455,4,4,BC,BC8,144,4,63,54,PULO,49.18886667,-124.0046333,112.3369765,308,199,-2.2238487,0.081346672,383
456,4,3,BK,BK2,164,12,21,29,KLMT,42.20829,-124.33443,518.9009265,341,365,0.30590479,0.31116973,506
457,4,1,BK,BK2,261,31,26,45,KLMT,42.20829,-124.33443,518.9009265,341,365,0.30590479,0.31116973,506
458,4,3,BK,BK3,157,18,35,40,KLMT,42.23008,-124.31038,227.7337184,333,312,-1.019972003,0.228577659,542
459,4,4,BK,BK3,182,11,44,48,KLMT,42.23008,-124.31038,227.7337184,333,312,-1.019972003,0.228577659,542
460,4,5,BK,BK3,85,30,37,29,KLMT,42.23008,-124.31038,227.7337184,333,312,-1.019972003,0.228577659,542
461,4,2,BL,BL1,43,13,25,37,CSCO,39.15803333,-122.9935333,416,315,52,-1.88985788,0.200189286,671
462,4,4,BL,BL2,70,24,26,43,CSCO,39.17108333,-123.0087833,430.0671602,318,53,-2.217875086,0.296250926,666
463,4,5,BL,BL3,222,31,33,38,CSCO,39.17141667,-123.0092167,434.8810332,319,53,-1.906300579,0.311125239,666
464,4,5,BR,BR3,170,13,49,39,PULO,47.55821667,-122.67115,43.14325954,321,187,-2.550927968,0.13244033,506
465,4,3,BR,BR7,170,15,35,23,PULO,47.55825,-122.6729,34.3480449,321,187,0.215026968,0.056897837,507
466,4,5,CC,CC2,174,30,23,46,CSCO,38.00543333,-122.4754333,33.74822338,351,25,1.890077472,0.265628802,829
467,4,5,CC,CC4,77,21,31,46,CSCO,38.00583333,-122.4751333,25,351,26,1.570781241,0.252364237,829
468,4,5,CC,CC7,104,22,38,38,CSCO,38.00611667,-122.4754333,18.52828442,351,25,1.555208722,0.380039335,829
469,4,2,CP,CP24,157,22,24,43,KLMT,42.3353,-123.53848,745.5141535,305,141,-2.650318594,0.037217289,479
470,4,1,CP,CP24,218,27,23,49,KLMT,42.3353,-123.53848,745.5141535,305,141,-2.650318594,0.037217289,479
471,4,4,CP,CP24,151,35,45,29,KLMT,42.3353,-123.53848,745.5141535,305,141,-2.650318594,0.037217289,479
472,4,5,CP,CP24,154,23,43,38,KLMT,42.3353,-123.53848,745.5141535,305,141,-2.650318594,0.037217289,479
473,4,1,CP,CP26,59,17,29,41,KLMT,42.18767,-122.97697,701.6523575,292,108,-2.545343945,0.217031899,454
474,4,4,CP,CP26,230,21,25,40,KLMT,42.18767,-122.97697,701.6523575,292,108,-2.545343945,0.217031899,454
475,4,3,CP,CP26,139,28,35,35,KLMT,42.18767,-122.97697,701.6523575,292,108,-2.545343945,0.217031899,454
476,4,2,CP,CP26,136,25,32,45,KLMT,42.18767,-122.97697,701.6523575,292,108,-2.545343945,0.217031899,454
477,4,5,CP,CP26,122,11,20,44,KLMT,42.18767,-122.97697,701.6523575,292,108,-2.545343945,0.217031899,454
478,4,1,CR,CR2,38,27,28,44,PULO,46.063611,-122.8625,110.0216562,312,227,2.28750569,0.106879665,502
479,4,5,CR,CR2,172,11,23,41,PULO,46.063611,-122.8625,110.0216562,312,227,2.28750569,0.106879665,502
480,4,3,CR,CR3,126,14,22,32,PULO,46.063611,-122.8625,110.0216562,312,227,2.28750569,0.106879665,502
481,4,5,CR,CR3,137,36,34,32,PULO,46.063611,-122.8625,110.0216562,312,227,2.28750569,0.106879665,502
482,4,4,CR,CR3,16,16,41,39,PULO,46.063611,-122.8625,110.0216562,312,227,2.28750569,0.106879665,502
483,4,2,CR,CR4,71,27,30,40,PULO,46.063611,-122.8625,110.0216562,312,227,2.28750569,0.106879665,502
484,4,1,CR,CR4,233,18,28,46,PULO,46.063611,-122.8625,110.0216562,312,227,2.28750569,0.106879665,502
485,4,5,CR,CR4,129,29,21,37,PULO,46.063611,-122.8625,110.0216562,312,227,2.28750569,0.106879665,502
486,4,4,DE,DE4,169,26,31,29,CSCD,44.69503333,-121.9944833,805,284,290,-1.480810325,0.466735197,271
487,4,3,DE,DE4,114,32,25,42,CSCD,44.69503333,-121.9944833,805,284,290,-1.480810325,0.466735197,271
488,4,5,DE,DE5,241,29,32,44,CSCD,44.6945,-121.9952,771.8925058,284,290,-1.947531757,0.344618874,275
489,4,3,DE,DE5,21,28,24,46,CSCD,44.6945,-121.9952,771.8925058,284,290,-1.947531757,0.344618874,275
490,4,4,DE,DE5,154,17,42,40,CSCD,44.6945,-121.9952,771.8925058,284,290,-1.947531757,0.344618874,275
491,4,3,DE,DE6,143,31,42,34,CSCD,44.6938,-121.9951833,754.8524513,284,290,-1.968047901,0.461274144,282
492,4,4,DE,DE6,207,30,23,35,CSCD,44.6938,-121.9951833,754.8524513,284,290,-1.968047901,0.461274144,282
493,4,1,GA,GA1,252,10,31,39,CORA,40.0901,-123.8132,163.3449122,326,79,-2.444778458,0.032336311,652
494,4,5,GA,GA1,163,30,35,37,CORA,40.0901,-123.8132,163.3449122,326,79,-2.444778458,0.032336311,652
495,4,2,GA,GA1,148,15,22,25,CORA,40.0901,-123.8132,163.3449122,326,79,-2.444778458,0.032336311,652
496,4,5,GA,GA2,117,26,26,53,CORA,40.0891,-123.8257,255.6645866,327,90,-0.426326461,0.455617161,643
497,4,3,GA,GA3,1,24,19,35,CORA,40.0905,-123.8258,277.8171474,327,89,0.127774533,0.229606911,644
498,4,5,GA,GA3,131,17,19,38,CORA,40.0905,-123.8258,277.8171474,327,89,0.127774533,0.229606911,644
499,4,2,GA,GA3,111,16,40,39,CORA,40.0905,-123.8258,277.8171474,327,89,0.127774533,0.229606911,644
500,4,1,GA,GA3,239,9,30,34,CORA,40.0905,-123.8258,277.8171474,327,89,0.127774533,0.229606911,644
501,4,1,GP,GP2,274,16,27,46,KLMT,42.47655,-123.3491167,432.5952513,300,88,-1.878523636,0.255715884,565
502,4,4,GP,GP2,200,22,36,32,KLMT,42.47655,-123.3491167,432.5952513,300,88,-1.878523636,0.255715884,565
503,4,2,GP,GP2,225,27,38,52,KLMT,42.47655,-123.3491167,432.5952513,300,88,-1.878523636,0.255715884,565
504,4,5,HC,HC1,135,33,27,48,KLMT,40.2918,-123.7601,404.8283781,330,103,-0.926599118,0.285655448,627
505,4,4,HC,HC1,214,21,35,40,KLMT,40.2918,-123.7601,404.8283781,330,103,-0.926599118,0.285655448,627
506,4,5,HC,HC2,129,23,47,48,KLMT,40.292,-123.7605,408.7916281,330,103,-2.516512404,0.22185264,627
507,4,3,KL,KL10,80,22,36,42,KLMT,41.94295,-123.4958333,989.2019633,304,148,-2.813256227,0.22971682,381
508,4,1,KL,KL10,89,11,40,41,KLMT,41.94295,-123.4958333,989.2019633,304,148,-2.813256227,0.22971682,381
509,4,5,KL,KL10,230,17,35,36,KLMT,41.94295,-123.4958333,989.2019633,304,148,-2.813256227,0.22971682,381
510,4,3,KL,KL12,49,8,17,30,KLMT,41.53333333,-123.5166667,489,304,103,1.831873998,0.246233494,677
511,4,5,KL,KL12,129,5,12,49,KLMT,41.53333333,-123.5166667,489,304,103,1.831873998,0.246233494,677
512,4,4,KL,KL13,259,19,32,40,KLMT,41.33333333,-123.1666667,1180,302,107,2.63399628,0.587579889,415
513,4,1,KL,KL13,129,32,46,39,KLMT,41.33333333,-123.1666667,1180,302,107,2.63399628,0.587579889,415
514,4,5,KL,KL13,129,15,25,45,KLMT,41.33333333,-123.1666667,1180,302,107,2.63399628,0.587579889,415
515,4,5,KL,KL14,240,5,24,46,KLMT,41.31666667,-123.5166667,307,325,112,-3.099890747,0.37037054,768
516,4,2,LC,LC1,192,13,18,40,CORA,48.0735,-123.80045,606.9162552,312,181,-1.368785871,0.551275818,374
517,4,1,LC,LC2,155,12,46,51,CORA,48.0582,-123.79925,188.427708,311,193,2.97496497,0.163777934,360
518,4,3,LC,LC2,301,18,37,30,CORA,48.0582,-123.79925,188.427708,311,193,2.97496497,0.163777934,360
519,4,4,LC,LC2,183,27,25,47,CORA,48.0582,-123.79925,188.427708,311,193,2.97496497,0.163777934,360
520,4,5,LC,LC2,153,31,29,28,CORA,48.0582,-123.79925,188.427708,311,193,2.97496497,0.163777934,360
521,4,2,OH,OH1,132,6,40,38,PULO,48.30341667,-122.6466833,23.90940699,316,145,2.578492255,0.031215187,428
522,4,1,OH,OH1,178,32,26,38,PULO,48.30341667,-122.6466833,23.90940699,316,145,2.578492255,0.031215187,428
523,4,3,OH,OH1,120,6,25,33,PULO,48.30341667,-122.6466833,23.90940699,316,145,2.578492255,0.031215187,428
524,4,5,OH,OH1,121,15,35,39,PULO,48.30341667,-122.6466833,23.90940699,316,145,2.578492255,0.031215187,428
525,4,1,OL,OL1,115,26,28,34,PULO,47.05435,-122.8932833,10.75525348,310,197,-3.090005681,0.233644393,481
526,4,3,PA,PA1,179,13,27,40,PULO,48.10106667,-123.4425333,105.0010194,313,135,1.560586799,0.081388377,375
527,4,4,PA,PA1,213,29,31,35,PULO,48.10106667,-123.4425333,105.0010194,313,135,1.560586799,0.081388377,375
528,4,4,PA,PA3,92,20,20,45,PULO,48.11241667,-123.44635,53.60249091,317,126,2.069149105,0.191455714,396
529,4,5,PA,PA3,146,11,24,41,PULO,48.11241667,-123.44635,53.60249091,317,126,2.069149105,0.191455714,396
530,4,1,PA,PA4,107,30,30,32,PULO,48.10711667,-123.4479167,75.85669041,315,130,2.130372084,0.036598629,387
531,4,2,PA,PA4,105,20,50,41,PULO,48.10711667,-123.4479167,75.85669041,315,130,2.130372084,0.036598629,387
532,4,5,PA,PA4,173,22,24,34,PULO,48.10711667,-123.4479167,75.85669041,315,130,2.130372084,0.036598629,387
533,4,3,PF,PF1,244,29,26,32,CSCD,46.83825,-122.30768,446.3859074,298,239,-3.045435602,0.206807071,381
534,4,4,PF,PF4,217,33,28,45,CSCD,46.84325,-122.31388,278.243519,303,219,0.678447218,0.141654971,429
535,4,1,PF,PF4,304,27,28,32,CSCD,46.84325,-122.31388,278.243519,303,219,0.678447218,0.141654971,429
536,4,5,PF,PF4,167,23,16,38,CSCD,46.84325,-122.31388,278.243519,303,219,0.678447218,0.141654971,429
537,4,3,PF,PF4,124,38,41,44,CSCD,46.84325,-122.31388,278.243519,303,219,0.678447218,0.141654971,429
538,4,1,PF,PF5,295,7,26,44,CSCD,46.84235,-122.31428,275.7847416,303,219,-2.744959183,0.092530346,428
539,4,5,PL,PL11,118,35,28,39,SRNA,38.74076,-120.71252,898.904047,331,88,1.000746698,0.038437558,689
540,4,4,PL,PL11,200,21,23,34,SRNA,38.74076,-120.71252,898.904047,331,88,1.000746698,0.038437558,689
541,4,5,PL,PL4,184,29,22,48,SRNA,38.76192,-120.74256,776.7992153,329,82,1.807896523,0.353680036,717
542,4,4,PL,PL4,6,18,37,33,SRNA,38.76192,-120.74256,776.7992153,329,82,1.807896523,0.353680036,717
543,4,2,PL,PL7,180,24,22,52,SRNA,38.75437,-120.65384,990.946738,325,96,-2.613723976,0.125672311,639
544,4,3,PL,PL7,184,43,36,41,SRNA,38.75437,-120.65384,990.946738,325,96,-2.613723976,0.125672311,639
545,4,4,PL,PL7,105,27,32,54,SRNA,38.75437,-120.65384,990.946738,325,96,-2.613723976,0.125672311,639
546,4,5,RA,RA2,177,20,42,44,KLMT,42.19585,-124.22141,818,338,436,-1.68280835,0.193043992,429
547,4,1,RA,RA2,234,25,41,41,KLMT,42.19585,-124.22141,818,338,436,-1.68280835,0.193043992,429
548,4,3,RA,RA2,287,13,23,38,KLMT,42.19585,-124.22141,818,338,436,-1.68280835,0.193043992,429
549,4,4,RA,RA2,129,19,35,37,KLMT,42.19585,-124.22141,818,338,436,-1.68280835,0.193043992,429
550,4,1,RA,RA8,114,30,24,51,KLMT,42.19585,-124.22141,818,338,436,-1.68280835,0.193043992,429
551,4,4,RA,RA8,132,13,30,37,KLMT,42.19585,-124.22141,818,338,436,-1.68280835,0.193043992,429
552,4,2,RV,RV4,132,10,10,27,CSCO,39.25353333,-123.1938167,273.5079409,321,54,2.673097459,0.167128073,753
553,4,4,RV,RV4,32,9,39,50,CSCO,39.25353333,-123.1938167,273.5079409,321,54,2.673097459,0.167128073,753
554,4,1,RV,RV8,150,20,27,34,CSCO,39.25345,-123.1935,277.2550454,321,54,-2.592567393,0.119598861,753
555,4,2,RV,RV8,228,25,23,42,CSCO,39.25345,-123.1935,277.2550454,321,54,-2.592567393,0.119598861,753
556,4,3,SN,SN2,179,23,43,29,SRNA,39.40079,-121.10321,551,326,98,-1.352538731,0.09550277,760
557,4,5,SN,SN2,136,15,22,48,SRNA,39.40079,-121.10321,551,326,98,-1.352538731,0.09550277,760
558,4,1,SN,SN4,153,25,23,47,SRNA,39.32274,-121.1035,557.7090392,330,89,-2.369707598,0.225037832,769
559,4,5,SN,SN4,137,33,31,34,SRNA,39.32274,-121.1035,557.7090392,330,89,-2.369707598,0.225037832,769
561,4,1,VE,VE10,150,10,24,19,WIVA,44.03646,-123.36948,222.9986262,313,156,-2.641411889,0.128191854,513
562,4,3,VE,VE10,7,8,34,46,WIVA,44.03646,-123.36948,222.9986262,313,156,-2.641411889,0.128191854,513
563,4,5,VE,VE10,168,29,24,34,WIVA,44.03646,-123.36948,222.9986262,313,156,-2.641411889,0.128191854,513
564,4,5,VE,VE5,131,21,33,28,WIVA,44.03646,-123.36948,222.9986262,313,156,-2.641411889,0.128191854,513
565,4,1,VE,VE5,126,21,35,40,WIVA,44.03646,-123.36948,222.9986262,313,156,-2.641411889,0.128191854,513
566,4,5,VE,VE7,221,31,23,41,WIVA,44.03646,-123.36948,222.9986262,313,156,-2.641411889,0.128191854,513
567,4,4,VE,VE7,236,35,34,36,WIVA,44.03646,-123.36948,222.9986262,313,156,-2.641411889,0.128191854,513
568,4,4,VI,VI3,156,19,8,39,PULO,48.53861667,-123.3901333,79.15110082,318,143,-0.422923356,0.143541497,438
569,4,1,VI,VI3,68,14,32,41,PULO,48.53861667,-123.3901333,79.15110082,318,143,-0.422923356,0.143541497,438
570,4,5,VI,VI4,97,17,41,25,PULO,48.50686667,-123.3848833,95.20123184,318,141,-0.471458545,0.218718482,433
571,4,3,VI,VI4,158,24,37,40,PULO,48.50686667,-123.3848833,95.20123184,318,141,-0.471458545,0.218718482,433
572,4,2,VI,VI4,103,14,48,39,PULO,48.50686667,-123.3848833,95.20123184,318,141,-0.471458545,0.218718482,433
573,4,3,VI,VI5,138,21,46,32,PULO,48.48685,-123.3873667,36.19343555,320,139,-0.593687595,0.050225651,452
574,4,4,VI,VI5,196,26,29,37,PULO,48.48685,-123.3873667,36.19343555,320,139,-0.593687595,0.050225651,452
575,4,3,ZE,ZE1,39,28,30,31,WIVA,45.01889,-123.15399,130.4771459,310,204,-0.971999384,0.121593207,506
576,4,1,ZE,ZE1,170,38,23,51,WIVA,45.01889,-123.15399,130.4771459,310,204,-0.971999384,0.121593207,506
577,4,5,ZE,ZE1,143,23,28,38,WIVA,45.01889,-123.15399,130.4771459,310,204,-0.971999384,0.121593207,506
578,4,4,ZE,ZE1,219,39,43,38,WIVA,45.01889,-123.15399,130.4771459,310,204,-0.971999384,0.121593207,506
579,4,2,ZE,ZE4,300,23,33,36,WIVA,45.01889,-123.15399,130.4771459,310,204,-0.971999384,0.121593207,506
580,4,5,ZE,ZE4,133,1,24,42,WIVA,45.01889,-123.15399,130.4771459,310,204,-0.971999384,0.121593207,506
581,4,3,ZE,ZE4,77,31,36,32,WIVA,45.01889,-123.15399,130.4771459,310,204,-0.971999384,0.121593207,506
582,4,1,ZE,ZE4,305,42,24,38,WIVA,45.01889,-123.15399,130.4771459,310,204,-0.971999384,0.121593207,506
583,4,5,ZE,ZE6,169,8,43,32,WIVA,45.01889,-123.15399,130.4771459,310,204,-0.971999384,0.121593207,506
584,4,2,ZE,ZE6,188,35,30,39,WIVA,45.01889,-123.15399,130.4771459,310,204,-0.971999384,0.121593207,506
585,4,4,ZE,ZE6,246,37,25,56,WIVA,45.01889,-123.15399,130.4771459,310,204,-0.971999384,0.121593207,506
